date,day,fajar,zohar,asr,maghrib,esha,jummah
01/01/2020,Tuesday,7:00,13:00,14:45,15:58,19:30,13:00
02/01/2020,Wednesday,7:00,13:00,14:45,15:57,19:30,13:00
03/01/2020,Thursday,7:00,13:00,14:45,15:57,19:30,13:00
04/01/2020,Friday,7:00,13:00,14:45,15:56,19:30,13:00
05/01/2020,Saturday,7:00,13:00,14:45,15:56,19:30,13:00
06/01/2020,Sunday,7:00,13:00,14:45,15:55,19:30,13:00
07/01/2020,Monday,7:00,13:00,14:45,15:55,19:30,13:00
08/01/2020,Tuesday,7:00,13:00,14:45,15:54,19:30,13:00
09/01/2020,Wednesday,7:00,13:00,14:45,15:54,19:30,13:00
10/01/2020,Thursday,7:00,13:00,14:45,15:54,19:30,13:00
11/01/2020,Friday,7:00,13:00,14:45,15:54,19:30,13:00
12/01/2020,Saturday,7:00,13:00,14:45,15:54,19:30,13:00
13/01/2020,Sunday,7:00,13:00,14:45,15:54,19:30,13:00
14/01/2020,Monday,7:00,13:00,14:45,15:54,19:30,13:00
15/01/2020,Tuesday,7:00,13:00,14:45,15:54,19:30,13:00
16/01/2020,Wednesday,7:00,13:00,14:45,15:54,19:30,13:00
17/01/2020,Thursday,7:00,13:00,14:45,15:54,19:30,13:00
18/01/2020,Friday,7:00,13:00,14:45,15:54,19:30,13:00
19/01/2020,Saturday,7:00,13:00,14:45,15:55,19:30,13:00
20/01/2020,Sunday,7:00,13:00,14:45,15:55,19:30,13:00
21/01/2020,Monday,7:00,13:00,14:45,15:56,19:30,13:00
22/01/2020,Tuesday,7:00,13:00,14:45,15:56,19:30,13:00
23/01/2020,Wednesday,7:00,13:00,14:45,15:57,19:30,13:00
24/01/2020,Thursday,7:00,13:00,14:45,15:57,19:30,13:00
25/01/2020,Friday,7:00,13:00,14:45,15:58,19:30,13:00
26/01/2020,Saturday,7:00,13:00,14:45,15:59,19:30,13:00
27/01/2020,Sunday,7:00,13:00,14:45,16:00,19:30,13:00
28/01/2020,Monday,7:00,13:00,14:45,16:01,19:30,13:00
29/01/2020,Tuesday,7:00,13:00,14:45,16:01,19:30,13:00
30/01/2020,Wednesday,7:00,13:00,14:45,16:02,19:30,13:00
31/01/2020,Thursday,7:00,13:00,14:45,16:04,19:30,13:00
01/02/2020,Tuesday,7:00,13:00,14:45,15:58,19:30,13:00
02/02/2020,Wednesday,7:00,13:00,14:45,15:57,19:30,13:00
03/02/2020,Thursday,7:00,13:00,14:45,15:57,19:30,13:00
04/02/2020,Friday,7:00,13:00,14:45,15:56,19:30,13:00
05/02/2020,Saturday,7:00,13:00,14:45,15:56,19:30,13:00
06/02/2020,Sunday,7:00,13:00,14:45,15:55,19:30,13:00
07/02/2020,Monday,7:00,13:00,14:45,15:55,19:30,13:00
08/02/2020,Tuesday,7:00,13:00,14:45,15:54,19:30,13:00
09/02/2020,Wednesday,7:00,13:00,14:45,15:54,19:30,13:00
10/02/2020,Thursday,7:00,13:00,14:45,15:54,19:30,13:00
11/02/2020,Friday,7:00,13:00,14:45,15:54,19:30,13:00
12/02/2020,Saturday,7:00,13:00,14:45,15:54,19:30,13:00
13/02/2020,Sunday,7:00,13:00,14:45,15:54,19:30,13:00
14/02/2020,Monday,7:00,13:00,14:45,15:54,19:30,13:00
15/02/2020,Tuesday,7:00,13:00,14:45,15:54,19:30,13:00
16/02/2020,Wednesday,7:00,13:00,14:45,15:54,19:30,13:00
17/02/2020,Thursday,7:00,13:00,14:45,15:54,19:30,13:00
18/02/2020,Friday,7:00,13:00,14:45,15:54,19:30,13:00
19/02/2020,Saturday,7:00,13:00,14:45,15:55,19:30,13:00
20/02/2020,Sunday,7:00,13:00,14:45,15:55,19:30,13:00
21/02/2020,Monday,7:00,13:00,14:45,15:56,19:30,13:00
22/02/2020,Tuesday,7:00,13:00,14:45,15:56,19:30,13:00
23/02/2020,Wednesday,7:00,13:00,14:45,15:57,19:30,13:00
24/02/2020,Thursday,7:00,13:00,14:45,15:57,19:30,13:00
25/02/2020,Friday,7:00,13:00,14:45,15:58,19:30,13:00
26/02/2020,Saturday,7:00,13:00,14:45,15:59,19:30,13:00
27/02/2020,Sunday,7:00,13:00,14:45,16:00,19:30,13:00
28/02/2020,Monday,7:00,13:00,14:45,16:01,19:30,13:00
29/02/2020,Tuesday,7:00,13:00,14:45,16:01,19:30,13:00
01/03/2020,Tuesday,7:00,13:00,14:45,15:58,19:30,13:00
02/03/2020,Wednesday,7:00,13:00,14:45,15:57,19:30,13:00
03/03/2020,Thursday,7:00,13:00,14:45,15:57,19:30,13:00
04/03/2020,Friday,7:00,13:00,14:45,15:56,19:30,13:00
05/03/2020,Saturday,7:00,13:00,14:45,15:56,19:30,13:00
06/03/2020,Sunday,7:00,13:00,14:45,15:55,19:30,13:00
07/03/2020,Monday,7:00,13:00,14:45,15:55,19:30,13:00
08/03/2020,Tuesday,7:00,13:00,14:45,15:54,19:30,13:00
09/03/2020,Wednesday,7:00,13:00,14:45,15:54,19:30,13:00
10/03/2020,Thursday,7:00,13:00,14:45,15:54,19:30,13:00
11/03/2020,Friday,7:00,13:00,14:45,15:54,19:30,13:00
12/03/2020,Saturday,7:00,13:00,14:45,15:54,19:30,13:00
13/03/2020,Sunday,7:00,13:00,14:45,15:54,19:30,13:00
14/03/2020,Monday,7:00,13:00,14:45,15:54,19:30,13:00
15/03/2020,Tuesday,7:00,13:00,14:45,15:54,19:30,13:00
16/03/2020,Wednesday,7:00,13:00,14:45,15:54,19:30,13:00
17/03/2020,Thursday,7:00,13:00,14:45,15:54,19:30,13:00
18/03/2020,Friday,7:00,13:00,14:45,15:54,19:30,13:00
19/03/2020,Saturday,7:00,13:00,14:45,15:55,19:30,13:00
20/03/2020,Sunday,7:00,13:00,14:45,15:55,19:30,13:00
21/03/2020,Monday,7:00,13:00,14:45,15:56,19:30,13:00
22/03/2020,Tuesday,7:00,13:00,14:45,15:56,19:30,13:00
23/03/2020,Wednesday,7:00,13:00,14:45,15:57,19:30,13:00
24/03/2020,Thursday,7:00,13:00,14:45,15:57,19:30,13:00
25/03/2020,Friday,7:00,13:00,14:45,15:58,19:30,13:00
26/03/2020,Saturday,7:00,13:00,14:45,15:59,19:30,13:00
27/03/2020,Sunday,7:00,13:00,14:45,16:00,19:30,13:00
28/03/2020,Monday,7:00,13:00,14:45,16:01,19:30,13:00
29/03/2020,Tuesday,7:00,13:00,14:45,16:01,19:30,13:00
30/03/2020,Wednesday,7:00,13:00,14:45,16:02,19:30,13:00
31/03/2020,Thursday,7:00,13:00,14:45,16:04,19:30,13:00
01/04/2020,Wednesday,5:45,13:30,18:15,19:51,21:15,13:30
02/04/2020,Thursday,5:45,13:30,18:15,19:53,21:15,13:30
03/04/2020,Friday,5:45,13:30,18:15,19:55,21:15,13:30
04/04/2020,Saturday,5:45,13:30,18:30,19:57,21:15,13:30
05/04/2020,Sunday,5:45,13:30,18:30,19:58,21:15,13:30
06/04/2020,Monday,5:30,13:30,18:30,20:00,21:30,13:30
07/04/2020,Tuesday,5:30,13:30,18:30,20:02,21:30,13:30
08/04/2020,Wednesday,5:30,13:30,18:30,20:04,21:30,13:30
09/04/2020,Thursday,5:30,13:30,18:30,20:06,21:30,13:30
10/04/2020,Friday,5:15,13:30,18:30,20:08,21:30,13:30
11/04/2020,Saturday,5:15,13:30,18:30,20:09,21:30,13:30
12/04/2020,Sunday,5:15,13:30,18:30,20:11,21:30,13:30
13/04/2020,Monday,5:15,13:30,18:30,20:13,21:30,13:30
14/04/2020,Tuesday,5:15,13:30,18:30,20:15,21:30,13:30
15/04/2020,Wednesday,5:15,13:30,18:30,20:17,21:45,13:30
16/04/2020,Thursday,5:15,13:30,18:30,20:19,21:45,13:30
17/04/2020,Friday,5:00,13:30,18:30,20:21,21:45,13:30
18/04/2020,Saturday,5:00,13:30,18:30,20:22,21:45,13:30
19/04/2020,Sunday,5:00,13:30,18:30,20:24,21:45,13:30
20/04/2020,Monday,5:00,13:30,18:30,20:26,21:45,13:30
21/04/2020,Tuesday,5:00,13:30,18:30,20:28,21:45,13:30
22/04/2020,Wednesday,5:00,13:30,18:30,20:30,21:45,13:30
23/04/2020,Thursday,5:00,13:30,18:30,20:32,21:45,13:30
24/04/2020,Friday,4:45,13:30,18:30,20:34,22:00,13:30
25/04/2020,Saturday,4:45,13:30,18:30,20:35,22:00,13:30
26/04/2020,Sunday,4:45,13:30,18:30,20:37,22:00,13:30
27/04/2020,Monday,4:45,13:30,18:30,20:39,22:00,13:30
28/04/2020,Tuesday,4:45,13:30,18:30,20:41,22:00,13:30
29/04/2020,Wednesday,4:45,13:30,18:30,20:43,22:00,13:30
30/04/2020,Thursday,4:45,13:30,18:30,20:45,22:00,13:30
01/05/2020,Friday,4:30,13:30,19:30,20:46,22:00,13:30
02/05/2020,Saturday,4:30,13:30,19:30,20:48,22:00,13:30
03/05/2020,Sunday,4:30,13:30,19:30,20:50,22:00,13:30
04/05/2020,Monday,4:30,13:30,19:30,20:52,22:15,13:30
05/05/2020,Tuesday,4:30,13:30,19:30,20:54,22:15,13:30
06/05/2020,Wednesday,4:30,13:30,19:30,20:55,22:15,13:30
07/05/2020,Thursday,4:30,13:30,19:30,20:57,22:15,13:30
08/05/2020,Friday,4:30,13:30,19:30,20:59,22:15,13:30
09/05/2020,Saturday,4:15,13:30,19:30,21:01,22:15,13:30
10/05/2020,Sunday,4:15,13:30,19:30,21:02,22:15,13:30
11/05/2020,Monday,4:15,13:30,19:30,21:04,22:15,13:30
12/05/2020,Tuesday,4:15,13:30,19:30,21:06,22:15,13:30
13/05/2020,Wednesday,4:15,13:30,19:30,21:07,22:30,13:30
14/05/2020,Thursday,4:15,13:30,19:30,21:09,22:30,13:30
15/05/2020,Friday,4:15,13:30,19:30,21:11,22:30,13:30
16/05/2020,Saturday,4:15,13:30,19:30,21:13,22:30,13:30
17/05/2020,Sunday,4:15,13:30,19:30,21:14,22:30,13:30
18/05/2020,Monday,4:00,13:30,19:30,21:16,22:30,13:30
19/05/2020,Tuesday,4:00,13:30,19:30,21:17,22:30,13:30
20/05/2020,Wednesday,4:00,13:30,19:30,21:19,22:30,13:30
21/05/2020,Thursday,4:00,13:30,19:30,21:20,22:30,13:30
22/05/2020,Friday,4:00,13:30,19:30,21:22,22:45,13:30
23/05/2020,Saturday,4:00,13:30,19:30,21:24,22:45,13:30
24/05/2020,Sunday,4:00,13:30,19:30,21:25,22:45,13:30
25/05/2020,Monday,4:00,13:30,19:30,21:26,22:45,13:30
26/05/2020,Tuesday,4:00,13:30,19:30,21:28,22:45,13:30
27/05/2020,Wednesday,4:00,13:30,19:30,21:29,22:45,13:30
28/05/2020,Thursday,4:00,13:30,19:30,21:31,22:45,13:30
29/05/2020,Friday,4:00,13:30,19:30,21:32,22:45,13:30
30/05/2020,Saturday,4:00,13:30,19:30,21:33,22:45,13:30
31/05/2020,Sunday,4:00,13:30,19:30,21:34,22:45,13:30
01/06/2020,Monday,4:00,13:30,19:30,21:36,23:00,13:30
02/06/2020,Tuesday,4:00,13:30,19:30,21:37,23:00,13:30
03/06/2020,Wednesday,4:00,13:30,19:30,21:38,23:00,13:30
04/06/2020,Thursday,4:00,13:30,19:30,21:39,23:00,13:30
05/06/2020,Friday,4:00,13:30,19:30,21:40,23:00,13:30
06/06/2020,Saturday,4:00,13:30,19:30,21:41,23:00,13:30
07/06/2020,Sunday,4:00,13:30,19:30,21:43,23:00,13:30
08/06/2020,Monday,4:00,13:30,19:30,21:43,23:00,13:30
09/06/2020,Tuesday,4:00,13:30,19:30,21:44,23:00,13:30
10/06/2020,Wednesday,4:00,13:30,19:30,21:45,23:00,13:30
11/06/2020,Thursday,4:00,13:30,19:30,21:45,23:00,13:30
12/06/2020,Friday,4:00,13:30,19:30,21:46,23:00,13:30
13/06/2020,Saturday,4:00,13:30,19:30,21:47,23:00,13:30
14/06/2020,Sunday,4:00,13:30,19:30,21:47,23:00,13:30
15/06/2020,Monday,4:00,13:30,19:30,21:48,23:00,13:30
16/06/2020,Tuesday,4:00,13:30,19:30,21:48,23:00,13:30
17/06/2020,Wednesday,4:00,13:30,19:30,21:49,23:00,13:30
18/06/2020,Thursday,4:00,13:30,19:30,21:49,23:00,13:30
19/06/2020,Friday,4:00,13:30,19:30,21:49,23:00,13:30
20/06/2020,Saturday,4:00,13:30,19:30,21:50,23:00,13:30
21/06/2020,Sunday,4:00,13:30,19:30,21:50,23:00,13:30
22/06/2020,Monday,4:00,13:30,19:30,21:50,23:00,13:30
23/06/2020,Tuesday,4:00,13:30,19:30,21:50,23:00,13:30
24/06/2020,Wednesday,4:00,13:30,19:30,21:50,23:00,13:30
25/06/2020,Thursday,4:00,13:30,19:30,21:50,23:00,13:30
26/06/2020,Friday,4:00,13:30,19:30,21:50,23:00,13:30
27/06/2020,Saturday,4:00,13:30,19:30,21:50,23:00,13:30
28/06/2020,Sunday,4:00,13:30,19:30,21:50,23:00,13:30
29/06/2020,Monday,4:00,13:30,19:30,21:49,23:00,13:30
30/06/2020,Tuesday,4:00,13:30,19:30,21:49,23:00,13:30
01/07/2020,Wednesday,4:00,13:30,19:30,21:49,23:00,13:30
02/07/2020,Thursday,4:00,13:30,19:30,21:48,23:00,13:30
03/07/2020,Friday,4:00,13:30,19:30,21:48,23:00,13:30
04/07/2020,Saturday,4:00,13:30,19:30,21:47,23:00,13:30
05/07/2020,Sunday,4:00,13:30,19:30,21:47,23:00,13:30
06/07/2020,Monday,4:00,13:30,19:30,21:46,23:00,13:30
07/07/2020,Tuesday,4:00,13:30,19:30,21:45,23:00,13:30
08/07/2020,Wednesday,4:00,13:30,19:30,21:45,23:00,13:30
09/07/2020,Thursday,4:00,13:30,19:30,21:44,23:00,13:30
10/07/2020,Friday,4:00,13:30,19:30,21:43,23:00,13:30
11/07/2020,Saturday,4:00,13:30,19:30,21:42,23:00,13:30
12/07/2020,Sunday,4:00,13:30,19:30,21:41,23:00,13:30
13/07/2020,Monday,4:00,13:30,19:30,21:40,23:00,13:30
14/07/2020,Tuesday,4:00,13:30,19:30,21:39,23:00,13:30
15/07/2020,Wednesday,4:00,13:30,19:30,21:38,23:00,13:30
16/07/2020,Thursday,4:00,13:30,19:30,21:37,23:00,13:30
17/07/2020,Friday,4:00,13:30,19:30,21:35,23:00,13:30
18/07/2020,Saturday,4:00,13:30,19:30,21:34,23:00,13:30
19/07/2020,Sunday,4:00,13:30,19:30,21:33,22:45,13:30
20/07/2020,Monday,4:00,13:30,19:30,21:31,22:45,13:30
21/07/2020,Tuesday,4:00,13:30,19:30,21:30,22:45,13:30
22/07/2020,Wednesday,4:00,13:30,19:30,21:29,22:45,13:30
23/07/2020,Thursday,4:00,13:30,19:30,21:27,22:45,13:30
24/07/2020,Friday,4:00,13:30,19:30,21:26,22:45,13:30
25/07/2020,Saturday,4:00,13:30,19:30,21:24,22:45,13:30
26/07/2020,Sunday,4:00,13:30,19:30,21:22,22:45,13:30
27/07/2020,Monday,4:00,13:30,19:30,21:21,22:45,13:30
28/07/2020,Tuesday,4:15,13:30,19:30,21:19,22:45,13:30
29/07/2020,Wednesday,4:15,13:30,19:30,21:17,22:45,13:30
30/07/2020,Thursday,4:15,13:30,19:30,21:16,22:45,13:30
31/07/2020,Friday,4:15,13:30,19:30,21:14,22:45,13:30
01/08/2020,Saturday,4:15,13:30,19:30,21:12,22:30,13:30
02/08/2020,Sunday,4:15,13:30,19:30,21:10,22:30,13:30
03/08/2020,Monday,4:15,13:30,19:30,21:08,22:30,13:30
04/08/2020,Tuesday,4:15,13:30,19:30,21:06,22:30,13:30
05/08/2020,Wednesday,4:15,13:30,19:30,21:05,22:15,13:30
06/08/2020,Thursday,4:30,13:30,19:30,21:03,22:15,13:30
07/08/2020,Friday,4:30,13:30,19:30,21:01,22:15,13:30
08/08/2020,Saturday,4:30,13:30,19:30,20:59,22:15,13:30
09/08/2020,Sunday,4:30,13:30,19:30,20:57,22:15,13:30
10/08/2020,Monday,4:30,13:30,19:30,20:55,22:15,13:30
11/08/2020,Tuesday,4:30,13:30,19:30,20:52,22:15,13:30
12/08/2020,Wednesday,4:30,13:30,19:30,20:50,22:15,13:30
13/08/2020,Thursday,4:30,13:30,19:30,20:48,22:00,13:30
14/08/2020,Friday,4:30,13:30,19:30,20:46,22:00,13:30
15/08/2020,Saturday,4:45,13:30,19:30,20:44,22:00,13:30
16/08/2020,Sunday,4:45,13:30,19:30,20:42,22:00,13:30
17/08/2020,Monday,4:45,13:30,19:30,20:40,22:00,13:30
18/08/2020,Tuesday,4:45,13:30,18:30,20:37,22:00,13:30
19/08/2020,Wednesday,4:45,13:30,18:30,20:35,22:00,13:30
20/08/2020,Thursday,4:45,13:30,18:30,20:33,21:45,13:30
21/08/2020,Friday,4:45,13:30,18:30,20:31,21:45,13:30
22/08/2020,Saturday,4:45,13:30,18:30,20:38,21:45,13:30
23/08/2020,Sunday,5:00,13:30,18:30,20:26,21:45,13:30
24/08/2020,Monday,5:00,13:30,18:30,20:24,21:45,13:30
25/08/2020,Tuesday,5:00,13:30,18:30,20:21,21:45,13:30
26/08/2020,Wednesday,5:00,13:30,18:30,20:19,21:45,13:30
27/08/2020,Thursday,5:00,13:30,18:30,20:17,21:45,13:30
28/08/2020,Friday,5:00,13:30,18:30,20:14,21:45,13:30
29/08/2020,Saturday,5:00,13:30,18:30,20:12,21:30,13:30
30/08/2020,Sunday,5:00,13:30,18:30,20:10,21:30,13:30
31/08/2020,Monday,5:15,13:30,18:30,20:07,21:30,13:30
01/09/2020,Tuesday,5:15,13:30,18:30,20:05,21:30,13:30
02/09/2020,Wednesday,5:15,13:30,18:30,20:02,21:30,13:30
03/09/2020,Thursday,5:15,13:30,18:30,20:00,21:30,13:30
04/09/2020,Friday,5:15,13:30,18:30,19:58,21:30,13:30
05/09/2020,Saturday,5:15,13:30,18:30,19:55,21:30,13:30
06/09/2020,Sunday,5:15,13:30,18:30,19:53,21:15,13:30
07/09/2020,Monday,5:15,13:30,18:30,19:50,21:15,13:30
08/09/2020,Tuesday,5:15,13:30,18:30,19:48,21:15,13:30
09/09/2020,Wednesday,5:30,13:30,18:15,19:45,21:15,13:30
10/09/2020,Thursday,5:30,13:30,18:15,19:43,21:15,13:30
11/09/2020,Friday,5:30,13:30,18:15,19:41,21:15,13:30
12/09/2020,Saturday,5:30,13:30,18:15,19:38,21:15,13:30
13/09/2020,Sunday,5:30,13:30,18:15,18:36,21:00,13:30
14/09/2020,Monday,5:30,13:30,18:15,19:33,21:00,13:30
15/09/2020,Tuesday,5:30,13:30,18:00,19:31,21:00,13:30
16/09/2020,Wednesday,5:30,13:30,18:00,19:28,21:00,13:30
17/09/2020,Thursday,5:30,13:30,18:00,19:16,21:00,13:30
18/09/2020,Friday,5:45,13:30,18:00,19:23,21:00,13:30
19/09/2020,Saturday,5:45,13:30,18:00,19:21,20:45,13:30
20/09/2020,Sunday,5:45,13:30,18:00,19:18,20:45,13:30
21/09/2020,Monday,5:45,13:30,17:45,19:16,20:45,13:30
22/09/2020,Tuesday,5:45,13:30,17:45,19:13,20:45,13:30
23/09/2020,Wednesday,5:45,13:30,17:45,19:11,20:45,13:30
24/09/2020,Thursday,5:45,13:30,17:45,19:08,20:45,13:30
25/09/2020,Friday,5:45,13:30,17:45,19:06,20:45,13:30
26/09/2020,Saturday,6:00,13:30,17:45,19:03,20:30,13:30
27/09/2020,Sunday,6:00,13:30,17:30,19:01,20:30,13:30
28/09/2020,Monday,6:00,13:30,17:30,18:58,20:30,13:30
29/09/2020,Tuesday,6:00,13:30,17:30,18:56,20:30,13:30
30/09/2020,Wednesday,6:00,13:30,17:30,18:54,20:30,13:30
01/10/2020,Thursday,6:00,13:30,17:30,18:51,20:15,13:30
02/10/2020,Friday,6:00,13:30,17:30,18:49,20:15,13:30
03/10/2020,Saturday,6:00,13:30,17:15,18:46,20:15,13:30
04/10/2020,Sunday,6:15,13:30,17:15,18:44,20:15,13:30
05/10/2020,Monday,6:15,13:30,17:15,18:41,20:15,13:30
06/10/2020,Tuesday,6:15,13:30,17:15,18:39,20:00,13:30
07/10/2020,Wednesday,6:15,13:30,17:15,18:37,20:00,13:30
08/10/2020,Thursday,6:15,13:30,17:15,18:34,20:00,13:30
09/10/2020,Friday,6:15,13:30,17:00,18:32,20:00,13:30
10/10/2020,Saturday,6:15,13:30,17:00,18:29,20:00,13:30
11/10/2020,Sunday,6:15,13:30,17:00,18:27,20:00,13:30
12/10/2020,Monday,6:30,13:30,17:00,18:25,19:45,13:30
13/10/2020,Tuesday,6:30,13:30,17:00,18:22,19:45,13:30
14/10/2020,Wednesday,6:30,13:30,17:00,18:20,19:45,13:30
15/10/2020,Thursday,6:30,13:30,16:45,18:18,19:45,13:30
16/10/2020,Friday,6:30,13:30,16:45,18:15,19:45,13:30
17/10/2020,Saturday,6:30,13:30,16:45,18:13,19:45,13:30
18/10/2020,Sunday,6:30,13:30,16:45,18:11,19:45,13:30
19/10/2020,Monday,6:30,13:30,16:45,18:09,19:30,13:30
20/10/2020,Tuesday,6:45,13:30,16:45,18:06,19:30,13:30
21/10/2020,Wednesday,6:45,13:30,16:45,18:04,19:30,13:30
22/10/2020,Thursday,6:45,13:30,16:45,18:02,19:30,13:30
23/10/2020,Friday,6:45,13:30,16:30,18:00,19:30,13:30
24/10/2020,Saturday,6:45,13:30,16:30,17:58,19:30,13:30
25/10/2020,Sunday,6:45,13:30,16:30,17:56,19:30,13:30
26/10/2020,Monday,6:45,13:30,16:30,17:53,19:30,13:30
27/10/2020,Tuesday,6:45,13:30,16:30,17:51,19:30,13:30
28/10/2020,Wednesday,6:45,13:30,16:30,17:49,19:30,13:30
29/10/2020,Thursday,6:45,13:30,16:30,17:47,19:30,13:30
30/10/2020,Friday,6:45,13:30,16:30,17:45,19:30,13:30
31/10/2020,Saturday,6:45,13:30,16:30,17:43,19:30,13:30
01/11/2020,Sunday,6:00,13:00,15:15,16:41,19:30,13:00
02/11/2020,Monday,6:00,13:00,15:15,16:39,19:30,13:00
03/11/2020,Tuesday,6:00,13:00,15:15,16:37,19:30,13:00
04/11/2020,Wednesday,6:00,13:00,15:15,16:35,19:30,13:00
05/11/2020,Thursday,6:15,13:00,15:15,16:33,19:30,13:00
06/11/2020,Friday,6:15,13:00,15:15,16:32,19:30,13:00
07/11/2020,Saturday,6:15,13:00,15:00,16:30,19:30,13:00
08/11/2020,Sunday,6:15,13:00,15:00,16:28,19:30,13:00
09/11/2020,Monday,6:15,13:00,15:00,16:26,19:30,13:00
10/11/2020,Tuesday,6:15,13:00,15:00,16:25,19:30,13:00
11/11/2020,Wednesday,6:15,13:00,15:00,16:23,19:30,13:00
12/11/2020,Thursday,6:15,13:00,15:00,16:21,19:30,13:00
13/11/2020,Friday,6:30,13:00,15:00,16:20,19:30,13:00
14/11/2020,Saturday,6:30,13:00,14:45,16:18,19:30,13:00
15/11/2020,Sunday,6:30,13:00,14:45,16:16,19:30,13:00
16/11/2020,Monday,6:30,13:00,14:45,16:15,19:30,13:00
17/11/2020,Tuesday,6:30,13:00,14:45,16:14,19:30,13:00
18/11/2020,Wednesday,6:30,13:00,14:45,16:12,19:30,13:00
19/11/2020,Thursday,6:30,13:00,14:45,16:11,19:30,13:00
20/11/2020,Friday,6:30,13:00,14:45,16:09,19:30,13:00
21/11/2020,Saturday,6:45,13:00,14:45,16:08,19:30,13:00
22/11/2020,Sunday,6:45,13:00,14:45,16:07,19:30,13:00
23/11/2020,Monday,6:45,13:00,14:45,16:06,19:30,13:00
24/11/2020,Tuesday,6:45,13:00,14:45,16:05,19:30,13:00
25/11/2020,Wednesday,6:45,13:00,14:45,16:04,19:30,13:00
26/11/2020,Thursday,6:45,13:00,14:45,16:03,19:30,13:00
27/11/2020,Friday,6:45,13:00,14:45,16:02,19:30,13:00
28/11/2020,Saturday,6:45,13:00,14:45,16:01,19:30,13:00
29/11/2020,Sunday,6:45,13:00,14:45,16:00,19:30,13:00
30/11/2020,Monday,6:45,13:00,14:45,15:59,19:30,13:00
01/12/2020,Tuesday,7:00,13:00,14:45,15:58,19:30,13:00
02/12/2020,Wednesday,7:00,13:00,14:45,15:57,19:30,13:00
03/12/2020,Thursday,7:00,13:00,14:45,15:57,19:30,13:00
04/12/2020,Friday,7:00,13:00,14:45,15:56,19:30,13:00
05/12/2020,Saturday,7:00,13:00,14:45,15:56,19:30,13:00
06/12/2020,Sunday,7:00,13:00,14:45,15:55,19:30,13:00
07/12/2020,Monday,7:00,13:00,14:45,15:55,19:30,13:00
08/12/2020,Tuesday,7:00,13:00,14:45,15:54,19:30,13:00
09/12/2020,Wednesday,7:00,13:00,14:45,15:54,19:30,13:00
10/12/2020,Thursday,7:00,13:00,14:45,15:54,19:30,13:00
11/12/2020,Friday,7:00,13:00,14:45,15:54,19:30,13:00
12/12/2020,Saturday,7:00,13:00,14:45,15:54,19:30,13:00
13/12/2020,Sunday,7:00,13:00,14:45,15:54,19:30,13:00
14/12/2020,Monday,7:00,13:00,14:45,15:54,19:30,13:00
15/12/2020,Tuesday,7:00,13:00,14:45,15:54,19:30,13:00
16/12/2020,Wednesday,7:00,13:00,14:45,15:54,19:30,13:00
17/12/2020,Thursday,7:00,13:00,14:45,15:54,19:30,13:00
18/12/2020,Friday,7:00,13:00,14:45,15:54,19:30,13:00
19/12/2020,Saturday,7:00,13:00,14:45,15:55,19:30,13:00
20/12/2020,Sunday,7:00,13:00,14:45,15:55,19:30,13:00
21/12/2020,Monday,7:00,13:00,14:45,15:56,19:30,13:00
22/12/2020,Tuesday,7:00,13:00,14:45,15:56,19:30,13:00
23/12/2020,Wednesday,7:00,13:00,14:45,15:57,19:30,13:00
24/12/2020,Thursday,7:00,13:00,14:45,15:57,19:30,13:00
25/12/2020,Friday,7:00,13:00,14:45,15:58,19:30,13:00
26/12/2020,Saturday,7:00,13:00,14:45,15:59,19:30,13:00
27/12/2020,Sunday,7:00,13:00,14:45,16:00,19:30,13:00
28/12/2020,Monday,7:00,13:00,14:45,16:01,19:30,13:00
29/12/2020,Tuesday,7:00,13:00,14:45,16:01,19:30,13:00
30/12/2020,Wednesday,7:00,13:00,14:45,16:02,19:30,13:00
31/12/2020,Thursday,7:00,13:00,14:45,16:04,19:30,13:00
